X1,X2,X3,X4,X5,X6,X7,X8,X9,X10,X11,X12,X13,X14,X15,X16,X17,X18,X19,X20,X21,X22,X23,X24,X25,X26,X27,X28,X29,X30,X31,X32,X33,X34,X35,X36,X37,X38,X39,X40,X41,X42,X43,X44,X45,X46,X47,X48,X49,X50,X51,X52,X53,X54,X55,X56,X57,X58,X59,X60,X61,X62,X63,X64,X65,X66,X67,X68,X69,X70,X71,X72,X73,X74,X75,X76,X77,X78,X79,X80,X81,X82,X83,X84
N,T,S,V,S,V,A,N,A,S,L,A,F,I,N,G,M,D,V,V,D,G,E,T,A,A,A,T,L,G,C,G,A,Y,V,T,R,N,C,R,G,M,T,L,G,L,A,V,I,H,Q,V,S,H,T,F,I,F,H,G,N,I,G,P,A,S,V,P,I,V,L,L,L,G,I,G,S,G,L,N,C,S,M,A
N,T,S,V,S,L,G,N,A,C,L,G,F,L,N,G,M,N,V,V,A,G,E,T,S,A,T,T,V,G,S,G,V,F,L,G,R,N,C,V,G,M,T,L,G,L,A,C,L,H,Q,V,S,H,T,V,Q,F,F,G,N,I,G,P,A,G,V,P,T,V,L,L,M,G,V,G,S,G,I,N,A,A,A,A
F,A,S,A,T,V,T,N,A,C,N,S,F,L,N,G,I,D,V,V,T,G,E,T,P,A,G,T,F,G,-,D,G,A,I,L,D,T,P,R,G,Y,S,L,F,I,G,L,V,H,Q,V,T,Y,L,F,T,V,L,G,N,M,A,S,A,T,L,G,V,Q,L,L,V,G,L,G,G,G,-,-,V,S,L,M
N,A,S,V,S,I,T,N,A,C,L,G,F,V,N,G,M,T,I,I,A,G,E,D,M,A,T,T,L,G,S,G,A,I,V,T,R,H,C,I,G,M,T,L,G,L,I,I,P,H,Q,I,S,H,V,L,T,Y,L,G,N,V,G,P,A,S,L,P,I,T,L,C,L,G,V,G,S,G,L,N,T,A,M,L
F,A,A,A,S,I,S,N,A,C,S,S,V,F,N,A,I,E,I,A,C,G,E,R,V,A,S,T,V,S,D,A,A,E,I,G,H,S,W,S,A,L,H,D,G,Q,A,C,I,H,Q,A,V,Y,V,F,T,L,H,G,N,V,A,S,A,T,L,P,L,Q,L,L,V,G,L,A,S,G,L,S,L,G,V,M
F,S,A,L,T,I,K,N,A,C,N,A,F,V,C,A,I,E,I,A,S,G,E,V,L,S,T,S,V,G,D,G,G,-,I,T,A,D,S,D,G,F,N,L,N,R,A,I,P,T,Q,I,T,I,I,S,Q,I,L,G,N,M,S,T,A,S,I,P,V,A,L,L,L,G,V,A,N,G,F,N,V,G,L,V
N,T,S,V,S,I,S,N,A,C,L,G,F,I,N,G,M,Q,I,V,N,S,E,N,I,A,T,T,L,G,C,G,T,L,T,H,K,H,C,V,G,M,T,L,G,L,A,V,S,H,Q,T,S,H,I,L,S,L,F,G,N,M,G,P,A,A,A,P,F,T,L,M,L,G,I,G,S,G,L,N,T,S,F,A
S,G,S,G,T,I,N,S,T,C,L,S,F,L,T,A,L,D,I,V,S,S,E,I,A,S,S,L,F,G,D,G,V,Y,A,H,L,T,H,P,R,D,K,F,G,I,F,V,P,H,Q,A,S,A,M,I,I,I,Y,G,N,M,I,A,A,S,I,P,M,A,L,L,L,G,T,S,A,G,L,S,I,G,G,I
N,S,S,V,C,I,S,N,A,C,L,G,M,V,S,A,W,E,I,L,S,G,E,N,S,A,N,T,I,G,S,A,V,I,T,N,R,N,C,Q,G,M,T,L,G,L,A,I,G,H,Q,V,G,H,K,V,T,F,L,G,N,T,G,S,A,A,L,P,I,T,L,L,V,G,I,G,S,G,L,S,C,S,V,L
Y,V,S,V,S,I,P,M,A,C,S,G,Y,C,Y,G,L,S,L,L,V,G,D,T,I,S,A,P,M,Y,F,N,M,V,I,T,I,I,E,P,G,V,M,V,T,S,V,L,L,H,Q,A,N,I,D,I,C,L,F,G,N,T,S,S,G,T,I,P,M,T,M,L,C,G,F,G,A,G,L,S,W,A,S,V
N,A,S,V,S,I,T,N,A,C,L,G,F,V,N,A,M,T,I,V,G,A,E,D,V,A,S,T,L,G,S,G,A,L,Q,S,R,H,C,V,A,M,T,L,G,L,I,I,P,H,Q,V,S,Y,T,F,T,F,W,G,N,V,A,A,E,A,V,P,M,T,L,L,M,G,V,G,S,G,L,N,T,A,M,M
H,A,A,V,C,L,S,N,A,C,L,G,F,L,N,A,L,T,I,T,C,G,E,D,S,A,N,T,V,G,S,G,V,L,V,V,R,S,C,Q,G,M,T,L,G,L,A,I,C,H,Q,V,G,H,R,L,T,F,L,G,N,T,G,S,V,A,L,P,A,T,L,L,L,G,I,G,S,G,L,N,S,L,M,L
N,T,S,V,C,I,G,N,A,C,L,A,F,V,D,A,I,G,I,V,D,G,E,G,S,A,S,T,L,G,S,G,V,V,V,T,Q,N,C,T,G,M,T,L,G,L,A,I,I,H,Q,V,S,H,T,V,I,Y,F,G,N,I,G,P,A,S,I,P,I,A,F,V,M,G,I,G,S,G,I,N,V,T,M,M
F,C,S,V,S,V,K,N,A,C,N,A,F,L,T,G,I,D,V,V,S,G,E,A,L,V,T,S,I,G,D,G,G,I,I,F,R,N,V,W,G,F,R,I,Q,L,G,I,P,T,Q,V,A,I,N,M,V,V,F,G,N,V,G,A,S,N,I,P,I,A,T,M,S,G,V,G,V,G,I,N,I,A,T,I
F,C,G,V,C,V,K,S,A,C,L,G,M,I,T,G,M,V,V,V,S,C,E,S,A,A,T,T,G,G,S,G,A,H,V,V,N,W,C,S,D,M,T,V,G,L,V,V,G,H,Q,V,G,H,H,F,T,F,L,G,N,V,G,S,V,S,L,P,I,S,A,F,V,G,V,G,S,G,L,N,C,Y,F,L
F,T,S,V,S,I,S,N,A,C,L,G,F,L,D,G,M,V,V,V,A,G,E,T,A,A,S,T,I,G,S,G,V,L,A,C,R,N,C,Q,G,M,T,L,G,T,A,F,C,H,Q,V,G,H,A,L,T,L,L,G,N,V,G,S,V,S,A,P,I,T,M,I,L,G,I,G,S,G,I,N,A,L,M,L
N,T,S,V,C,L,S,N,A,C,L,G,F,V,N,A,M,H,I,V,D,G,E,G,T,A,S,T,L,G,S,G,A,L,E,F,R,H,C,V,G,M,T,L,G,L,G,I,I,H,Q,V,S,H,T,M,T,F,Y,G,N,I,G,P,A,A,V,P,F,T,L,L,V,G,V,G,S,G,L,N,A,A,F,L
N,T,S,V,S,L,A,N,A,C,L,G,F,V,N,G,M,Q,I,V,D,G,E,S,S,A,T,T,L,G,S,G,A,I,V,A,R,H,C,V,G,M,T,L,G,L,S,I,A,H,Q,I,S,H,V,M,T,F,R,G,N,M,G,P,A,S,V,A,F,T,L,M,M,G,V,G,S,G,L,N,V,S,C,L
N,T,S,V,T,V,A,N,A,C,L,G,F,I,N,G,M,S,V,V,D,G,E,D,A,A,T,T,L,G,S,G,A,L,V,T,R,H,C,V,G,M,T,L,G,L,V,V,T,H,Q,V,S,H,T,I,T,F,L,G,N,V,G,P,A,S,V,P,I,T,L,L,M,G,V,G,S,G,I,N,T,A,M,M
S,T,S,V,S,V,A,N,A,C,L,A,F,I,N,G,M,D,V,V,D,G,E,T,A,A,T,T,L,G,S,G,A,Y,V,T,R,N,C,R,G,M,T,L,G,L,A,V,V,H,Q,V,S,H,T,L,I,F,H,G,N,I,G,P,A,S,V,P,I,V,L,L,L,G,I,G,S,G,L,N,C,T,M,S
F,A,S,A,S,L,T,N,A,C,N,S,F,L,N,G,I,D,V,V,T,G,E,T,P,A,G,T,F,G,-,D,G,L,-,V,Q,E,T,A,G,F,G,L,F,I,G,L,V,H,Q,V,T,Y,L,F,T,V,L,G,N,V,A,S,A,T,I,G,V,Q,L,C,L,G,L,G,G,G,V,-,-,S,I,T
N,A,S,V,T,V,T,N,A,C,L,G,V,V,N,S,L,Q,I,V,A,S,E,G,A,A,T,T,L,G,S,G,V,I,I,T,R,H,C,I,G,M,T,L,G,L,A,V,A,H,Q,T,S,H,I,L,T,V,Y,G,N,I,G,P,V,A,L,P,F,T,L,L,M,G,I,G,S,G,L,N,T,S,M,T
Y,G,G,I,A,V,T,C,A,C,A,G,L,I,E,A,M,H,V,C,A,G,E,-,-,A,G,T,L,G,N,A,A,L,F,H,K,Y,C,K,T,H,T,E,L,H,V,A,L,H,Q,P,S,V,L,V,T,H,F,G,N,T,A,S,T,A,W,A,L,A,L,M,A,S,A,A,A,G,F,T,I,V,G,A
Y,A,G,V,S,V,R,N,A,C,N,S,V,L,N,A,I,E,I,A,C,G,E,V,I,P,S,T,V,S,D,S,S,V,F,C,A,E,G,A,L,F,I,L,V,L,D,C,V,H,Q,P,S,A,L,V,T,I,H,G,N,L,A,A,S,T,I,P,M,Q,L,L,V,G,V,A,S,G,I,S,A,G,T,V
C,T,S,G,T,M,D,A,T,C,L,S,F,L,N,G,L,D,L,V,A,T,E,I,A,S,A,L,F,G,D,G,A,I,G,T,R,Y,A,H,P,F,M,I,A,L,L,I,P,H,Q,G,S,A,M,I,I,T,H,G,N,T,I,A,A,S,I,P,M,G,L,M,I,G,T,A,A,G,L,S,L,G,G,L
Y,T,G,V,C,I,S,N,A,C,L,G,V,L,S,G,M,L,V,V,S,C,E,S,A,A,T,T,G,G,S,G,V,H,S,H,L,N,C,K,W,M,T,L,G,L,A,I,C,H,Q,V,G,N,Q,V,T,F,L,G,N,M,G,T,V,S,L,P,V,T,A,F,L,G,I,G,S,G,L,N,C,M,M,L
F,A,S,A,S,V,K,N,A,C,N,S,V,L,N,G,I,E,V,A,S,G,E,A,P,P,G,T,L,S,D,A,A,L,F,T,A,D,T,L,G,Y,R,F,G,L,K,G,V,H,Q,V,S,Y,L,F,T,L,H,G,N,V,A,S,A,S,L,P,L,Q,L,L,V,G,L,A,G,G,V,S,L,G,L,V
V,A,T,V,T,I,S,A,A,C,S,G,F,M,Y,G,V,V,V,V,G,A,E,K,L,T,C,L,F,G,D,G,G,G,L,S,F,K,Y,Q,N,L,M,V,A,Q,M,V,P,H,Q,A,N,I,M,A,S,I,Y,G,N,N,S,S,A,S,I,P,I,A,L,L,V,G,F,G,G,G,L,T,W,G,A,I
N,T,S,V,T,I,A,N,A,C,L,G,F,V,N,G,M,A,I,I,D,G,E,D,A,A,S,T,L,G,S,G,A,M,I,T,R,N,C,V,G,M,T,L,G,L,V,I,M,H,Q,V,S,H,T,I,T,F,L,G,N,V,G,P,A,S,I,P,I,T,L,L,M,G,V,G,S,G,L,N,T,S,M,M
N,T,S,V,T,L,A,N,A,C,L,G,F,V,N,G,M,T,I,V,N,G,E,D,A,A,T,T,L,G,S,G,A,I,V,M,R,H,C,V,G,M,T,L,G,L,V,I,T,H,Q,V,S,Y,T,I,T,F,W,G,N,V,G,P,A,S,L,P,M,T,L,C,M,G,V,G,S,G,L,N,T,A,M,V
N,T,S,V,T,I,A,N,A,C,L,G,F,V,N,G,M,T,V,V,A,G,E,D,A,A,S,T,L,G,C,G,A,I,V,T,R,H,C,V,G,M,T,L,G,L,V,V,T,H,Q,V,S,H,T,M,T,F,L,G,N,V,G,P,A,S,L,P,I,T,L,A,M,G,V,G,S,G,L,N,T,A,M,T
N,T,S,V,T,I,A,N,A,C,L,G,F,V,N,G,M,N,V,V,A,G,E,D,A,A,S,T,L,G,S,G,A,I,V,T,R,H,C,V,G,M,T,L,G,L,V,I,L,H,Q,V,S,H,T,I,T,Y,Y,G,N,V,G,P,A,S,I,P,I,T,L,L,M,G,V,G,S,G,L,N,T,A,M,M
N,T,S,V,T,I,A,N,A,C,L,G,F,V,N,A,M,T,I,V,D,G,E,D,A,P,S,T,L,G,A,G,A,I,V,T,R,H,C,I,G,M,T,L,G,L,V,I,L,H,Q,V,S,H,T,I,T,Y,Y,G,N,V,G,P,A,S,I,P,I,T,L,C,M,G,V,G,S,G,L,N,T,A,M,T
N,A,S,V,T,V,T,N,A,C,L,G,V,V,N,G,M,Q,I,V,A,S,E,S,S,A,T,T,L,G,S,G,V,L,I,T,R,H,C,V,G,M,T,L,G,L,A,V,A,H,Q,T,S,H,I,L,T,I,Y,G,N,I,G,P,A,A,M,P,Y,T,L,L,M,G,I,G,S,G,L,N,A,S,F,V
N,T,S,V,S,V,T,N,A,C,L,G,F,V,N,G,M,E,V,V,N,G,E,D,A,A,T,T,L,G,S,G,A,L,V,S,R,H,C,V,G,M,T,L,G,L,S,I,V,H,Q,V,S,H,T,M,T,F,R,G,N,L,G,P,A,S,V,P,Y,T,L,L,M,G,I,G,S,G,L,N,V,S,C,L
N,A,S,V,T,L,T,N,A,C,L,G,V,A,N,A,M,H,I,V,A,S,E,G,S,A,T,T,L,G,S,G,V,V,V,T,R,H,C,V,G,M,T,L,G,L,A,V,A,H,Q,T,S,H,I,L,T,L,Y,G,N,I,G,P,V,A,M,P,Y,T,L,L,M,G,I,G,S,G,L,N,T,S,M,T
N,T,S,V,S,V,T,N,A,C,L,G,F,V,N,G,M,Q,I,V,N,A,E,T,T,A,T,T,L,G,S,G,A,F,V,S,R,H,C,V,G,M,T,L,G,L,S,V,I,H,Q,V,S,H,T,I,T,F,Y,G,N,M,G,P,A,A,V,P,F,T,L,L,M,G,I,G,S,G,L,N,A,C,C,A
Y,A,G,V,G,V,S,N,A,C,L,G,V,L,N,G,I,I,V,V,S,A,E,S,C,A,T,T,G,G,S,G,V,L,V,A,R,H,C,R,N,M,T,V,G,L,G,I,C,H,Q,V,G,N,Q,I,T,Y,L,A,N,T,G,T,V,A,L,P,M,T,A,F,L,G,I,G,S,G,L,N,C,M,M,L
N,T,S,V,C,V,A,N,A,C,L,G,F,V,N,A,I,Q,I,V,D,A,E,G,S,A,S,T,I,G,S,G,A,V,A,S,R,H,C,V,G,M,T,L,G,L,A,I,A,H,Q,T,S,H,L,M,T,V,Y,G,N,M,G,P,A,A,V,P,F,T,L,L,I,G,I,G,S,G,L,N,T,S,F,A
N,T,S,V,S,I,A,N,A,C,L,G,F,V,N,G,I,Q,I,V,A,G,E,S,S,A,T,T,L,G,S,G,A,L,V,G,R,H,C,V,G,M,T,L,G,L,A,V,M,H,Q,V,S,H,T,V,T,F,L,G,N,V,G,P,A,S,L,P,L,T,L,C,M,G,V,G,S,G,L,N,T,C,A,L
D,T,S,V,S,V,S,N,A,C,L,G,F,V,T,G,L,H,I,V,D,G,E,G,T,A,T,T,L,G,S,G,A,L,F,F,R,H,C,I,G,G,T,L,G,L,A,I,F,H,Q,V,S,H,T,M,T,F,Y,G,N,I,G,P,A,A,I,P,I,T,L,C,M,G,I,G,S,G,L,N,V,G,V,I
N,T,S,V,T,I,A,N,A,C,L,G,F,V,N,G,M,S,I,V,D,G,E,D,A,A,S,T,L,G,S,G,A,I,V,T,R,N,C,V,G,M,T,L,G,L,V,I,L,H,Q,V,S,H,T,I,T,Y,Y,G,N,V,G,P,A,S,I,P,I,T,L,L,M,G,V,G,S,G,L,N,T,A,M,M
N,A,S,V,T,I,T,N,A,C,L,G,F,V,N,A,M,T,I,V,A,G,E,D,P,A,T,T,L,G,S,G,A,I,V,S,R,R,C,I,G,M,T,L,G,L,V,V,T,H,Q,I,S,H,T,I,T,F,W,G,N,V,A,A,A,A,L,P,M,T,L,C,M,G,V,G,S,G,L,N,T,A,L,L
N,T,S,V,T,I,A,N,A,C,L,G,F,I,N,G,M,N,I,I,D,G,E,D,A,A,S,T,L,G,S,G,A,I,V,T,R,H,C,V,G,M,T,L,G,L,V,V,M,H,Q,V,S,H,T,I,T,Y,Y,G,N,V,G,P,A,S,I,P,I,T,L,L,M,G,V,G,S,G,L,N,T,S,M,M
Y,T,G,V,C,I,S,N,A,C,L,G,V,L,S,G,I,L,V,V,S,C,E,S,A,A,T,A,G,G,S,G,V,H,S,H,L,H,C,Q,W,M,T,L,G,L,A,I,C,H,Q,V,G,N,R,V,T,Y,L,G,N,M,G,T,V,S,L,P,V,T,A,F,L,G,I,G,S,G,L,N,C,M,M,L
N,T,S,V,T,I,T,N,A,C,L,G,F,V,N,G,L,M,V,V,A,A,E,D,A,A,S,T,L,G,S,G,A,I,I,T,R,H,C,V,G,M,T,L,G,L,V,I,T,H,Q,V,S,H,T,I,T,F,L,G,N,V,G,P,A,S,L,P,I,T,L,C,L,G,V,G,S,G,L,N,T,A,M,L
F,A,S,T,S,V,K,N,A,C,N,S,F,L,N,G,M,E,I,A,C,G,E,P,A,P,G,T,A,S,D,A,A,W,T,V,A,H,S,V,H,T,R,L,A,V,L,A,F,H,Q,I,A,Q,Y,V,A,V,H,G,N,C,A,A,A,S,L,P,L,Q,L,M,I,G,L,A,S,G,F,S,F,G,L,A
H,S,S,C,G,L,Q,Q,R,C,N,A,G,L,G,S,L,C,L,T,T,G,-,-,-,V,F,D,-,-,-,G,T,A,A,D,N,N,R,E,R,A,T,G,R,A,A,V,T,P,L,I,H,V,W,N,D,L,V,G,H,I,G,A,G,D,Q,F,L,G,L,L,V,A,A,G,A,G,F,S,L,S,A,A
N,A,S,V,T,M,T,N,A,C,L,G,F,V,N,A,L,T,V,V,A,G,E,D,P,A,T,T,L,G,C,G,A,I,V,T,R,N,C,I,G,M,T,L,G,L,V,V,T,H,Q,V,S,H,T,L,T,F,W,G,N,V,A,A,A,A,L,P,M,T,L,C,L,G,V,G,S,G,L,N,T,T,L,M
N,T,S,V,T,I,T,N,A,C,L,G,F,V,N,G,I,T,V,V,A,G,E,D,S,A,S,T,L,G,S,G,A,I,I,T,R,H,C,V,G,M,T,L,G,L,V,V,T,H,Q,V,S,H,T,I,T,F,L,G,N,V,G,P,A,S,L,P,I,T,L,C,M,G,V,G,S,G,L,N,T,A,M,L
Y,A,G,V,C,I,S,N,A,C,L,G,V,L,N,G,M,L,V,V,S,C,E,S,A,A,T,T,G,G,S,G,V,L,V,C,L,H,C,L,G,M,T,V,G,L,G,I,C,H,Q,V,G,H,Q,I,T,Y,L,G,N,M,G,T,V,S,L,P,L,T,A,L,L,G,I,G,S,G,L,N,C,L,M,L
N,T,S,V,S,V,A,N,A,C,L,A,F,I,N,G,M,D,V,V,D,G,E,T,A,A,A,T,L,G,C,G,V,Y,V,T,R,N,C,R,G,M,T,L,G,L,A,I,I,H,Q,V,S,H,T,F,I,F,H,G,N,I,G,P,A,S,V,P,I,V,L,L,L,G,I,G,S,G,L,N,C,T,M,A
N,T,S,V,S,V,A,N,A,C,L,G,F,L,N,G,M,D,I,V,D,G,E,S,S,A,S,T,L,G,S,G,A,Y,V,T,R,N,C,Q,G,M,T,L,G,L,A,V,I,H,Q,V,S,H,T,L,I,Y,M,G,N,V,G,P,A,S,V,P,I,V,L,L,L,G,I,G,S,G,L,N,C,S,M,A
N,T,S,V,T,I,T,N,A,C,L,G,F,V,N,G,M,T,I,V,D,G,E,D,A,A,S,T,L,G,S,G,A,I,I,T,R,N,C,V,G,M,T,L,G,L,V,I,M,H,Q,V,S,H,T,I,T,Y,L,G,N,V,G,P,A,S,I,P,I,T,L,L,M,G,V,G,S,G,L,N,T,S,M,M
N,T,S,V,T,I,A,N,A,C,L,G,F,V,T,G,M,T,I,V,N,G,E,D,A,A,S,T,L,G,S,G,A,I,V,T,R,N,C,V,G,M,T,L,G,L,V,I,T,H,Q,V,S,H,T,M,T,Y,L,G,N,V,G,P,A,S,I,P,I,T,L,L,M,G,V,G,S,G,L,N,T,G,L,M
N,T,S,V,S,L,A,N,A,C,L,G,F,V,N,G,M,Q,I,V,N,G,E,S,S,A,T,T,L,G,S,G,A,I,V,T,R,H,C,V,G,M,T,L,G,L,A,V,A,H,Q,I,S,H,T,M,T,F,R,G,N,M,G,P,A,A,I,A,F,T,L,L,L,G,V,G,S,G,L,N,V,S,C,L
N,T,S,V,C,V,G,N,A,C,L,G,F,L,N,G,M,E,V,V,D,G,E,S,S,A,T,T,L,G,S,A,V,F,V,T,V,S,C,R,G,M,T,L,G,L,A,V,I,H,Q,V,S,H,T,F,T,Y,Y,G,N,V,G,P,A,G,V,P,L,V,L,L,M,G,I,G,S,G,L,N,C,A,M,A
N,T,S,V,T,I,T,N,A,C,L,G,F,V,N,A,M,T,I,V,N,G,E,D,A,A,S,T,L,G,C,G,A,I,V,T,R,H,C,V,G,M,T,L,G,L,V,V,T,H,Q,V,S,H,T,I,T,Y,L,G,N,V,G,P,A,S,L,P,I,T,L,C,M,G,V,G,S,G,L,N,T,A,M,V
H,A,S,V,C,L,S,N,A,C,L,G,V,V,N,A,M,A,I,V,S,G,E,N,G,A,N,T,I,G,S,A,V,I,A,V,S,N,C,Q,G,M,T,L,G,L,A,V,G,H,Q,V,G,H,E,T,T,Y,L,G,N,T,G,S,A,A,L,P,I,T,L,L,L,G,I,G,S,G,L,T,S,I,M,L
N,A,S,V,T,V,T,N,A,C,L,G,F,V,N,G,L,T,V,V,A,G,E,D,P,A,T,T,L,G,C,G,A,V,V,T,R,H,C,I,G,M,T,L,G,L,L,I,G,H,Q,V,S,H,T,L,T,F,W,G,N,V,A,A,A,A,L,P,M,T,L,L,L,G,V,G,S,G,L,N,A,T,Y,M
N,A,S,V,S,I,T,N,A,C,L,G,F,V,N,A,M,T,I,V,G,A,E,D,V,A,S,T,L,G,S,G,A,I,Q,T,R,H,C,I,G,M,T,L,G,L,V,I,T,H,Q,V,S,Y,T,F,T,F,L,G,N,I,A,A,E,A,V,P,L,T,L,L,L,G,V,G,S,G,L,N,T,A,M,M
N,A,S,V,S,I,T,N,A,C,L,G,F,V,N,A,M,T,I,V,G,A,E,D,V,A,S,T,L,G,S,G,A,L,Q,A,R,H,C,V,A,M,T,L,G,L,I,I,P,H,Q,V,S,Y,T,F,T,F,W,G,N,I,A,A,E,A,V,P,M,T,L,L,M,G,V,G,S,G,L,N,T,A,M,M
H,T,S,V,S,I,S,N,A,C,L,G,F,I,N,G,M,V,V,V,G,C,E,S,S,P,T,T,L,G,S,G,V,L,V,T,R,N,C,R,A,M,T,V,G,L,A,F,T,H,Q,V,S,H,S,L,T,V,L,G,N,I,G,S,V,S,L,P,I,T,M,M,L,G,I,G,S,G,L,V,C,L,M,L
N,T,S,V,T,I,T,N,A,C,L,G,F,V,N,G,M,T,I,V,D,G,E,D,S,A,S,T,L,G,S,G,A,I,I,S,R,H,C,V,G,M,T,L,G,L,V,I,L,H,Q,V,S,H,T,I,T,Y,L,G,N,V,G,P,A,S,L,P,M,T,L,C,M,G,V,G,S,G,I,N,T,A,M,T
N,T,S,V,S,V,A,N,A,C,L,A,F,L,N,G,M,D,V,V,D,G,E,T,A,A,S,T,L,G,C,G,A,Y,V,T,K,N,C,R,G,M,T,L,G,L,A,V,I,H,Q,V,S,H,T,F,I,F,H,G,N,I,G,P,A,S,V,P,I,V,L,L,L,G,I,G,S,G,L,N,C,S,M,A
N,T,S,V,S,V,A,N,A,C,L,A,F,I,N,G,M,D,V,V,D,G,E,T,A,A,T,T,L,G,S,G,A,Y,V,T,R,N,C,R,G,M,T,L,G,L,A,V,I,H,Q,V,S,H,T,F,I,F,H,G,N,I,G,P,A,S,V,P,I,V,L,L,L,G,I,G,S,G,L,N,C,S,M,A
N,T,S,V,S,V,A,N,A,C,L,A,F,I,N,G,M,D,I,V,N,A,E,N,A,A,S,T,L,G,C,G,A,Y,V,T,R,S,C,R,G,M,T,L,G,L,A,V,I,H,Q,I,S,H,T,F,I,F,H,G,N,I,G,P,A,S,V,P,I,V,L,L,L,G,I,G,S,G,L,N,C,S,M,A
N,T,S,V,S,V,G,N,A,C,L,A,F,I,N,G,M,N,I,V,N,A,E,N,S,A,S,T,L,G,C,G,A,Y,V,S,R,N,C,R,G,M,T,L,G,L,A,V,I,H,Q,V,S,H,T,F,I,F,F,G,N,I,G,P,A,S,I,P,T,V,L,L,M,G,I,G,S,G,L,N,C,C,M,A
N,T,S,V,S,V,A,N,A,C,L,A,F,I,N,G,M,D,V,V,D,G,E,T,A,A,A,T,L,G,C,G,A,Y,V,T,R,N,C,R,G,M,T,L,G,L,A,V,I,H,Q,V,S,H,T,F,I,F,H,G,N,I,G,P,A,S,V,P,I,V,L,L,M,G,I,G,S,G,L,N,C,S,M,A
N,T,S,V,C,L,A,N,A,C,L,G,F,L,D,G,M,E,V,V,D,G,E,G,S,A,T,T,L,G,S,G,A,F,V,S,L,N,C,R,G,M,T,L,G,L,A,V,I,H,Q,V,S,H,T,L,I,F,H,G,N,V,G,P,A,S,V,P,M,V,L,L,M,G,I,G,S,G,L,N,C,A,M,A
N,T,S,V,S,L,G,N,A,C,L,G,F,V,N,G,M,N,V,V,N,A,E,S,S,A,T,T,L,G,S,G,V,Y,L,S,R,A,C,T,G,M,T,L,G,L,G,A,L,H,Q,V,S,H,T,V,I,F,H,G,N,M,G,P,A,S,V,P,Y,V,L,L,M,G,I,G,S,G,L,N,A,C,A,A
N,T,S,V,T,I,A,N,A,C,L,G,F,V,N,G,M,T,V,V,A,G,E,D,A,A,S,T,L,G,S,G,S,I,I,T,R,H,C,V,G,M,T,L,G,L,V,I,M,H,Q,V,S,H,V,I,T,Y,L,G,N,V,G,P,A,S,L,P,I,T,L,C,M,G,V,G,S,G,L,N,T,A,M,T
N,T,S,V,T,I,A,N,A,C,L,G,F,V,N,G,M,T,V,I,D,G,E,D,A,A,S,T,L,G,S,G,A,I,V,T,R,H,C,V,G,M,T,L,G,L,V,I,L,H,Q,V,S,H,T,I,T,Y,H,G,N,V,G,P,A,S,I,P,I,T,L,L,M,G,V,G,S,G,L,N,T,S,M,M
