org,substrate,activity
Kytococcus sedentarius,7Ph.heptanoate,2.262395887
Granulosicoccus antarcticus,7Ph.heptanoate,2.170555071
Mobilicoccus massiliensis,7Ph.heptanoate,1.879046665
Kocuria varians,7Ph.heptanoate,1.792149387
Actinoplanes atraurantiacus,7Ph.heptanoate,1.733058216
Thermomonas haemolytica,7Ph.heptanoate,1.504420053
Chromatocurvus halotolerans,7Ph.heptanoate,1.732681402
Xanthomonas translucens,7Ph.heptanoate,1.183939611
Dermabacter hominis,7Ph.heptanoate,1.976350861
Luteimonas tolerans,7Ph.heptanoate,1.65934974
Halobacteriovorax marinus,7Ph.heptanoate,1.281679748
Xanthomonas campestris,7Ph.heptanoate,0
Arthrobacter globiformis,7Ph.heptanoate,1.663953461
Brachybacterium paraconglomeratum,7Ph.heptanoate,1.605502766
Mycolicibacterium obuense,7Ph.heptanoate,1.382390674
Okibacterium fritillariae,7Ph.heptanoate,1.681235875
Arenimonas oryziterrae,7Ph.heptanoate,1.235285827
Subtercola sp.,7Ph.heptanoate,1.670248043
Plantibacter sp.,7Ph.heptanoate,1.58400997
Kocuria flava,7Ph.heptanoate,0
Cellulomonas cellasea,7Ph.heptanoate,1.637009175
Pseudoxanthomonas sp.,7Ph.heptanoate,1.272784458
Micromonospora peucetia,7Ph.heptanoate,1.651536432
Intrasporangiaceae bacterium,7Ph.heptanoate,1.1681117
Brachybacterium alimentarium,7Ph.heptanoate,1.757711049
Humibacillus sp.,7Ph.heptanoate,1.459503556
Agreia bicolorata,7Ph.heptanoate,0
Nesterenkonia alba,7Ph.heptanoate,1.214956567
Silanimonas lenta,7Ph.heptanoate,0
Sandaracinus amylolyticus,7Ph.heptanoate,1.462301092
Leifsonia sp.,7Ph.heptanoate,1.562082994
Bacteriovorax sp.,7Ph.heptanoate,0
Auraticoccus monumenti,7Ph.heptanoate,1.361828185
Paenibacillus polysaccharolyticus,7Ph.heptanoate,1.193772632
Sediminihabitans luteus,7Ph.heptanoate,1.379152141
Psychromonas aquimarina,7Ph.heptanoate,1.057287907
Isoptericola variabilis,7Ph.heptanoate,1.475470209
Dermatophilus congolensis,7Ph.heptanoate,0
Chloroflexi bacterium,7Ph.heptanoate,0
Geodermatophilus obscurus,7Ph.heptanoate,0
Nakamurella multipartita,7Ph.heptanoate,0
Enhygromyxa salina,7Ph.heptanoate,0
Brevibacterium antiquum,7Ph.heptanoate,0
Rothia mucilaginosa,7Ph.heptanoate,0
Actinomycetospora chiangmaiensis,7Ph.heptanoate,1.43770265
Saccharothrix espanaensis,7Ph.heptanoate,0
Wenzhouxiangella sediminis,7Ph.heptanoate,1.691952556
Virgibacillus salinus,7Ph.heptanoate,1.524400927
Clavibacter michiganensis,7Ph.heptanoate,1.616824203
Streptomyces ambofaciens,7Ph.heptanoate,1.653336364
Micromonospora avicenniae,7Ph.heptanoate,1.390998793
Kineosphaera limosa,7Ph.heptanoate,1.52817106
Sanguibacter keddieii,7Ph.heptanoate,1.463634244
Bacillus sp.,7Ph.heptanoate,0
Frankiales bacterium,7Ph.heptanoate,0
Streptococcus pneumoniae,7Ph.heptanoate,0
Desulfobulbus elongatus,7Ph.heptanoate,0
Citricoccus muralis,7Ph.heptanoate,0
Streptomyces avermitilis,7Ph.heptanoate,0
Desulfobacter curvatus,7Ph.heptanoate,0
Agrococcus casei,7Ph.heptanoate,0
Cephaloticoccus capnophilus,7Ph.heptanoate,0
Chlamydiales bacterium,7Ph.heptanoate,0
Microlunatus phosphovorus,7Ph.heptanoate,0
Clostridium combesii,7Ph.heptanoate,0
Brevibacterium mcbrellneri,7Ph.heptanoate,0
Shewanella putrefaciens,7Ph.heptanoate,0
Anaerocolumna xylanovorans,7Ph.heptanoate,0
Pelobacter propionicus,7Ph.heptanoate,0
Bacteroides luti,7Ph.heptanoate,0
Nonomuraea candida,7Ph.heptanoate,0
Legionella brunensis,7Ph.heptanoate,0
Allokutzneria albata,7Ph.heptanoate,0
Kytococcus sedentarius,azido,2.881498113
Granulosicoccus antarcticus,azido,2.313627907
Mobilicoccus massiliensis,azido,2.351474852
Kocuria varians,azido,2.14503531
Actinoplanes atraurantiacus,azido,1.807777977
Thermomonas haemolytica,azido,2.257615085
Chromatocurvus halotolerans,azido,1.972588718
Xanthomonas translucens,azido,2.319146515
Dermabacter hominis,azido,2.065591498
Luteimonas tolerans,azido,1.972597399
Halobacteriovorax marinus,azido,1.560779479
Xanthomonas campestris,azido,2.101380453
Arthrobacter globiformis,azido,1.971712886
Brachybacterium paraconglomeratum,azido,1.942329904
Mycolicibacterium obuense,azido,1.759393443
Okibacterium fritillariae,azido,1.917005162
Arenimonas oryziterrae,azido,1.907870832
Subtercola sp.,azido,1.96742507
Plantibacter sp.,azido,1.777497567
Kocuria flava,azido,1.889074915
Cellulomonas cellasea,azido,1.545780135
Pseudoxanthomonas sp.,azido,1.983782067
Micromonospora peucetia,azido,1.953923795
Intrasporangiaceae bacterium,azido,1.979266089
Brachybacterium alimentarium,azido,1.824905125
Humibacillus sp.,azido,1.74134203
Agreia bicolorata,azido,1.751849226
Nesterenkonia alba,azido,1.590058532
Silanimonas lenta,azido,1.870200738
Sandaracinus amylolyticus,azido,1.709246194
Leifsonia sp.,azido,1.812525809
Bacteriovorax sp.,azido,1.690882332
Auraticoccus monumenti,azido,1.75221641
Paenibacillus polysaccharolyticus,azido,1.574432953
Sediminihabitans luteus,azido,1.904025939
Psychromonas aquimarina,azido,1.768542532
Isoptericola variabilis,azido,1.388916653
Dermatophilus congolensis,azido,1.723065878
Chloroflexi bacterium,azido,1.356796247
Geodermatophilus obscurus,azido,1.668089729
Nakamurella multipartita,azido,1.929015959
Enhygromyxa salina,azido,1.681072404
Brevibacterium antiquum,azido,1.744964971
Rothia mucilaginosa,azido,1.624938281
Actinomycetospora chiangmaiensis,azido,1.722813728
Saccharothrix espanaensis,azido,1.816847814
Wenzhouxiangella sediminis,azido,1.896116981
Virgibacillus salinus,azido,1.458417334
Clavibacter michiganensis,azido,1.886858063
Streptomyces ambofaciens,azido,1.637842759
Micromonospora avicenniae,azido,1.942807269
Kineosphaera limosa,azido,1.656674017
Sanguibacter keddieii,azido,1.701405446
Bacillus sp.,azido,1.831425305
Frankiales bacterium,azido,1.873480776
Streptococcus pneumoniae,azido,1.78938803
Desulfobulbus elongatus,azido,1.580366887
Citricoccus muralis,azido,1.756469053
Streptomyces avermitilis,azido,1.792682793
Desulfobacter curvatus,azido,1.63861637
Agrococcus casei,azido,1.731048812
Cephaloticoccus capnophilus,azido,1.623522385
Chlamydiales bacterium,azido,1.823846796
Microlunatus phosphovorus,azido,1.681456807
Clostridium combesii,azido,1.727425745
Brevibacterium mcbrellneri,azido,1.762984038
Shewanella putrefaciens,azido,0
Anaerocolumna xylanovorans,azido,1.587601132
Pelobacter propionicus,azido,1.423432339
Bacteroides luti,azido,1.521676207
Nonomuraea candida,azido,1.867982624
Legionella brunensis,azido,1.751825458
Allokutzneria albata,azido,0
Kytococcus sedentarius,biotin,1.648880025
Granulosicoccus antarcticus,biotin,1.653274619
Mobilicoccus massiliensis,biotin,0
Kocuria varians,biotin,0.928067399
Actinoplanes atraurantiacus,biotin,0.994681287
Thermomonas haemolytica,biotin,0
Chromatocurvus halotolerans,biotin,0
Xanthomonas translucens,biotin,0
Dermabacter hominis,biotin,0.800045235
Luteimonas tolerans,biotin,0
Halobacteriovorax marinus,biotin,1.078945662
Xanthomonas campestris,biotin,0
Arthrobacter globiformis,biotin,0
Brachybacterium paraconglomeratum,biotin,0
Mycolicibacterium obuense,biotin,0
Okibacterium fritillariae,biotin,0
Arenimonas oryziterrae,biotin,0
Subtercola sp.,biotin,1.044372688
Plantibacter sp.,biotin,0
Kocuria flava,biotin,1.146737696
Cellulomonas cellasea,biotin,0
Pseudoxanthomonas sp.,biotin,0
Micromonospora peucetia,biotin,0
Intrasporangiaceae bacterium,biotin,0.855468051
Brachybacterium alimentarium,biotin,0
Humibacillus sp.,biotin,0
Agreia bicolorata,biotin,0
Nesterenkonia alba,biotin,0
Silanimonas lenta,biotin,0
Sandaracinus amylolyticus,biotin,0
Leifsonia sp.,biotin,0
Bacteriovorax sp.,biotin,0
Auraticoccus monumenti,biotin,0
Paenibacillus polysaccharolyticus,biotin,0
Sediminihabitans luteus,biotin,0
Psychromonas aquimarina,biotin,0
Isoptericola variabilis,biotin,0.813844754
Dermatophilus congolensis,biotin,0
Chloroflexi bacterium,biotin,0
Geodermatophilus obscurus,biotin,0
Nakamurella multipartita,biotin,0
Enhygromyxa salina,biotin,0
Brevibacterium antiquum,biotin,0
Rothia mucilaginosa,biotin,0
Actinomycetospora chiangmaiensis,biotin,0
Saccharothrix espanaensis,biotin,0
Wenzhouxiangella sediminis,biotin,0
Virgibacillus salinus,biotin,0
Clavibacter michiganensis,biotin,0
Streptomyces ambofaciens,biotin,0
Micromonospora avicenniae,biotin,0
Kineosphaera limosa,biotin,0
Sanguibacter keddieii,biotin,0
Bacillus sp.,biotin,0
Frankiales bacterium,biotin,0
Streptococcus pneumoniae,biotin,0
Desulfobulbus elongatus,biotin,0
Citricoccus muralis,biotin,0
Streptomyces avermitilis,biotin,0
Desulfobacter curvatus,biotin,0
Agrococcus casei,biotin,0
Cephaloticoccus capnophilus,biotin,0
Chlamydiales bacterium,biotin,0
Microlunatus phosphovorus,biotin,0
Clostridium combesii,biotin,0
Brevibacterium mcbrellneri,biotin,0
Shewanella putrefaciens,biotin,0
Anaerocolumna xylanovorans,biotin,0
Pelobacter propionicus,biotin,0
Bacteroides luti,biotin,0
Nonomuraea candida,biotin,0
Legionella brunensis,biotin,0
Allokutzneria albata,biotin,0
Kytococcus sedentarius,butoxy,2.968362067
Granulosicoccus antarcticus,butoxy,2.576872405
Mobilicoccus massiliensis,butoxy,2.360309833
Kocuria varians,butoxy,2.630924626
Actinoplanes atraurantiacus,butoxy,2.312501389
Thermomonas haemolytica,butoxy,2.646311409
Chromatocurvus halotolerans,butoxy,2.073999507
Xanthomonas translucens,butoxy,2.578672357
Dermabacter hominis,butoxy,2.452056206
Luteimonas tolerans,butoxy,2.078840725
Halobacteriovorax marinus,butoxy,2.104098911
Xanthomonas campestris,butoxy,1.876305919
Arthrobacter globiformis,butoxy,2.415193242
Brachybacterium paraconglomeratum,butoxy,1.815329602
Mycolicibacterium obuense,butoxy,1.772930604
Okibacterium fritillariae,butoxy,2.604635933
Arenimonas oryziterrae,butoxy,2.312902088
Subtercola sp.,butoxy,2.584490342
Plantibacter sp.,butoxy,1.333482985
Kocuria flava,butoxy,1.627752725
Cellulomonas cellasea,butoxy,2.037604491
Pseudoxanthomonas sp.,butoxy,2.442796503
Micromonospora peucetia,butoxy,2.481217289
Intrasporangiaceae bacterium,butoxy,2.006668015
Brachybacterium alimentarium,butoxy,1.87975018
Humibacillus sp.,butoxy,2.442283645
Agreia bicolorata,butoxy,2.399583641
Nesterenkonia alba,butoxy,2.682531602
Silanimonas lenta,butoxy,1.939124012
Sandaracinus amylolyticus,butoxy,2.431437085
Leifsonia sp.,butoxy,2.636620373
Bacteriovorax sp.,butoxy,2.044808675
Auraticoccus monumenti,butoxy,2.187691277
Paenibacillus polysaccharolyticus,butoxy,1.639129237
Sediminihabitans luteus,butoxy,2.501664516
Psychromonas aquimarina,butoxy,2.152262298
Isoptericola variabilis,butoxy,1.968930557
Dermatophilus congolensis,butoxy,2.359579411
Chloroflexi bacterium,butoxy,1.606194051
Geodermatophilus obscurus,butoxy,2.142601016
Nakamurella multipartita,butoxy,2.090581995
Enhygromyxa salina,butoxy,2.409103573
Brevibacterium antiquum,butoxy,1.866979445
Rothia mucilaginosa,butoxy,1.558607971
Actinomycetospora chiangmaiensis,butoxy,1.989242323
Saccharothrix espanaensis,butoxy,1.673001498
Wenzhouxiangella sediminis,butoxy,2.445733741
Virgibacillus salinus,butoxy,1.869940918
Clavibacter michiganensis,butoxy,1.924991428
Streptomyces ambofaciens,butoxy,2.557106867
Micromonospora avicenniae,butoxy,1.618657035
Kineosphaera limosa,butoxy,1.963532126
Sanguibacter keddieii,butoxy,0
Bacillus sp.,butoxy,2.136902126
Frankiales bacterium,butoxy,2.096655961
Streptococcus pneumoniae,butoxy,1.327347543
Desulfobulbus elongatus,butoxy,1.603631834
Citricoccus muralis,butoxy,2.398733542
Streptomyces avermitilis,butoxy,2.397739651
Desulfobacter curvatus,butoxy,1.855672804
Agrococcus casei,butoxy,1.421589797
Cephaloticoccus capnophilus,butoxy,1.614663148
Chlamydiales bacterium,butoxy,2.054847632
Microlunatus phosphovorus,butoxy,2.279535937
Clostridium combesii,butoxy,1.643117009
Brevibacterium mcbrellneri,butoxy,1.793370478
Shewanella putrefaciens,butoxy,1.46210496
Anaerocolumna xylanovorans,butoxy,1.46884821
Pelobacter propionicus,butoxy,1.582052261
Bacteroides luti,butoxy,1.445842653
Nonomuraea candida,butoxy,1.807562255
Legionella brunensis,butoxy,0
Allokutzneria albata,butoxy,2.182964028
Kytococcus sedentarius,ClPh.propionate,1.647777817
Granulosicoccus antarcticus,ClPh.propionate,1.944253239
Mobilicoccus massiliensis,ClPh.propionate,1.856659013
Kocuria varians,ClPh.propionate,1.611049749
Actinoplanes atraurantiacus,ClPh.propionate,1.603599789
Thermomonas haemolytica,ClPh.propionate,0
Chromatocurvus halotolerans,ClPh.propionate,0
Xanthomonas translucens,ClPh.propionate,0
Dermabacter hominis,ClPh.propionate,0
Luteimonas tolerans,ClPh.propionate,0
Halobacteriovorax marinus,ClPh.propionate,1.233325763
Xanthomonas campestris,ClPh.propionate,1.830669405
Arthrobacter globiformis,ClPh.propionate,0
Brachybacterium paraconglomeratum,ClPh.propionate,1.379807427
Mycolicibacterium obuense,ClPh.propionate,1.538069328
Okibacterium fritillariae,ClPh.propionate,0
Arenimonas oryziterrae,ClPh.propionate,0
Subtercola sp.,ClPh.propionate,0
Plantibacter sp.,ClPh.propionate,1.572048413
Kocuria flava,ClPh.propionate,0
Cellulomonas cellasea,ClPh.propionate,1.552273967
Pseudoxanthomonas sp.,ClPh.propionate,0
Micromonospora peucetia,ClPh.propionate,0
Intrasporangiaceae bacterium,ClPh.propionate,0
Brachybacterium alimentarium,ClPh.propionate,0
Humibacillus sp.,ClPh.propionate,1.741897034
Agreia bicolorata,ClPh.propionate,0
Nesterenkonia alba,ClPh.propionate,1.694366051
Silanimonas lenta,ClPh.propionate,0
Sandaracinus amylolyticus,ClPh.propionate,0
Leifsonia sp.,ClPh.propionate,0
Bacteriovorax sp.,ClPh.propionate,0
Auraticoccus monumenti,ClPh.propionate,0
Paenibacillus polysaccharolyticus,ClPh.propionate,0
Sediminihabitans luteus,ClPh.propionate,0
Psychromonas aquimarina,ClPh.propionate,0
Isoptericola variabilis,ClPh.propionate,0
Dermatophilus congolensis,ClPh.propionate,0
Chloroflexi bacterium,ClPh.propionate,1.164783021
Geodermatophilus obscurus,ClPh.propionate,0
Nakamurella multipartita,ClPh.propionate,0
Enhygromyxa salina,ClPh.propionate,0
Brevibacterium antiquum,ClPh.propionate,1.195712455
Rothia mucilaginosa,ClPh.propionate,0
Actinomycetospora chiangmaiensis,ClPh.propionate,0
Saccharothrix espanaensis,ClPh.propionate,0
Wenzhouxiangella sediminis,ClPh.propionate,0
Virgibacillus salinus,ClPh.propionate,0
Clavibacter michiganensis,ClPh.propionate,0
Streptomyces ambofaciens,ClPh.propionate,0
Micromonospora avicenniae,ClPh.propionate,0
Kineosphaera limosa,ClPh.propionate,0
Sanguibacter keddieii,ClPh.propionate,0
Bacillus sp.,ClPh.propionate,0
Frankiales bacterium,ClPh.propionate,0
Streptococcus pneumoniae,ClPh.propionate,0
Desulfobulbus elongatus,ClPh.propionate,0
Citricoccus muralis,ClPh.propionate,0
Streptomyces avermitilis,ClPh.propionate,0
Desulfobacter curvatus,ClPh.propionate,0
Agrococcus casei,ClPh.propionate,0
Cephaloticoccus capnophilus,ClPh.propionate,0
Chlamydiales bacterium,ClPh.propionate,0
Microlunatus phosphovorus,ClPh.propionate,0
Clostridium combesii,ClPh.propionate,0
Brevibacterium mcbrellneri,ClPh.propionate,0
Shewanella putrefaciens,ClPh.propionate,0
Anaerocolumna xylanovorans,ClPh.propionate,0
Pelobacter propionicus,ClPh.propionate,0
Bacteroides luti,ClPh.propionate,0
Nonomuraea candida,ClPh.propionate,0
Legionella brunensis,ClPh.propionate,0
Allokutzneria albata,ClPh.propionate,0
Kytococcus sedentarius,cyclopentyl,2.410141566
Granulosicoccus antarcticus,cyclopentyl,2.41902911
Mobilicoccus massiliensis,cyclopentyl,2.374437549
Kocuria varians,cyclopentyl,1.628653095
Actinoplanes atraurantiacus,cyclopentyl,1.896080883
Thermomonas haemolytica,cyclopentyl,1.971695571
Chromatocurvus halotolerans,cyclopentyl,1.67952502
Xanthomonas translucens,cyclopentyl,1.996621992
Dermabacter hominis,cyclopentyl,1.921971093
Luteimonas tolerans,cyclopentyl,1.753617882
Halobacteriovorax marinus,cyclopentyl,1.65351284
Xanthomonas campestris,cyclopentyl,1.653294045
Arthrobacter globiformis,cyclopentyl,1.887237994
Brachybacterium paraconglomeratum,cyclopentyl,1.315308691
Mycolicibacterium obuense,cyclopentyl,1.597844163
Okibacterium fritillariae,cyclopentyl,1.619924206
Arenimonas oryziterrae,cyclopentyl,1.720979664
Subtercola sp.,cyclopentyl,1.765230182
Plantibacter sp.,cyclopentyl,1.696099037
Kocuria flava,cyclopentyl,1.411773355
Cellulomonas cellasea,cyclopentyl,1.685457808
Pseudoxanthomonas sp.,cyclopentyl,1.756073881
Micromonospora peucetia,cyclopentyl,1.419161909
Intrasporangiaceae bacterium,cyclopentyl,1.743829539
Brachybacterium alimentarium,cyclopentyl,1.430877152
Humibacillus sp.,cyclopentyl,0
Agreia bicolorata,cyclopentyl,1.373116672
Nesterenkonia alba,cyclopentyl,1.257935103
Silanimonas lenta,cyclopentyl,1.84306023
Sandaracinus amylolyticus,cyclopentyl,1.705839485
Leifsonia sp.,cyclopentyl,0
Bacteriovorax sp.,cyclopentyl,1.668541862
Auraticoccus monumenti,cyclopentyl,1.499899699
Paenibacillus polysaccharolyticus,cyclopentyl,1.373772248
Sediminihabitans luteus,cyclopentyl,1.659652716
Psychromonas aquimarina,cyclopentyl,1.691198086
Isoptericola variabilis,cyclopentyl,0
Dermatophilus congolensis,cyclopentyl,0
Chloroflexi bacterium,cyclopentyl,0
Geodermatophilus obscurus,cyclopentyl,0
Nakamurella multipartita,cyclopentyl,1.418407128
Enhygromyxa salina,cyclopentyl,1.505570467
Brevibacterium antiquum,cyclopentyl,0
Rothia mucilaginosa,cyclopentyl,1.533443036
Actinomycetospora chiangmaiensis,cyclopentyl,1.185503098
Saccharothrix espanaensis,cyclopentyl,1.200329957
Wenzhouxiangella sediminis,cyclopentyl,0
Virgibacillus salinus,cyclopentyl,0
Clavibacter michiganensis,cyclopentyl,0
Streptomyces ambofaciens,cyclopentyl,0
Micromonospora avicenniae,cyclopentyl,0
Kineosphaera limosa,cyclopentyl,0
Sanguibacter keddieii,cyclopentyl,0
Bacillus sp.,cyclopentyl,1.607340033
Frankiales bacterium,cyclopentyl,1.174344552
Streptococcus pneumoniae,cyclopentyl,0
Desulfobulbus elongatus,cyclopentyl,1.460366512
Citricoccus muralis,cyclopentyl,0
Streptomyces avermitilis,cyclopentyl,0
Desulfobacter curvatus,cyclopentyl,0
Agrococcus casei,cyclopentyl,1.56103711
Cephaloticoccus capnophilus,cyclopentyl,0
Chlamydiales bacterium,cyclopentyl,0
Microlunatus phosphovorus,cyclopentyl,0
Clostridium combesii,cyclopentyl,0
Brevibacterium mcbrellneri,cyclopentyl,0
Shewanella putrefaciens,cyclopentyl,1.531316505
Anaerocolumna xylanovorans,cyclopentyl,0
Pelobacter propionicus,cyclopentyl,0
Bacteroides luti,cyclopentyl,0
Nonomuraea candida,cyclopentyl,1.262740965
Legionella brunensis,cyclopentyl,0
Allokutzneria albata,cyclopentyl,1.458651129
Kytococcus sedentarius,decanoate,2.226835522
Granulosicoccus antarcticus,decanoate,2.089785847
Mobilicoccus massiliensis,decanoate,1.665721347
Kocuria varians,decanoate,1.753193837
Actinoplanes atraurantiacus,decanoate,1.249005284
Thermomonas haemolytica,decanoate,1.741027132
Chromatocurvus halotolerans,decanoate,1.685544596
Xanthomonas translucens,decanoate,1.522813186
Dermabacter hominis,decanoate,1.713528622
Luteimonas tolerans,decanoate,1.386595428
Halobacteriovorax marinus,decanoate,1.260374647
Xanthomonas campestris,decanoate,1.492872033
Arthrobacter globiformis,decanoate,1.392919976
Brachybacterium paraconglomeratum,decanoate,1.434600344
Mycolicibacterium obuense,decanoate,1.359670654
Okibacterium fritillariae,decanoate,1.306726114
Arenimonas oryziterrae,decanoate,0
Subtercola sp.,decanoate,1.4754412
Plantibacter sp.,decanoate,0
Kocuria flava,decanoate,1.251767576
Cellulomonas cellasea,decanoate,1.287837975
Pseudoxanthomonas sp.,decanoate,0
Micromonospora peucetia,decanoate,0
Intrasporangiaceae bacterium,decanoate,0
Brachybacterium alimentarium,decanoate,1.551248751
Humibacillus sp.,decanoate,0
Agreia bicolorata,decanoate,1.480218791
Nesterenkonia alba,decanoate,0
Silanimonas lenta,decanoate,0
Sandaracinus amylolyticus,decanoate,0
Leifsonia sp.,decanoate,0
Bacteriovorax sp.,decanoate,0
Auraticoccus monumenti,decanoate,0
Paenibacillus polysaccharolyticus,decanoate,0
Sediminihabitans luteus,decanoate,0
Psychromonas aquimarina,decanoate,0
Isoptericola variabilis,decanoate,1.120573931
Dermatophilus congolensis,decanoate,0
Chloroflexi bacterium,decanoate,0
Geodermatophilus obscurus,decanoate,0
Nakamurella multipartita,decanoate,0
Enhygromyxa salina,decanoate,0
Brevibacterium antiquum,decanoate,0
Rothia mucilaginosa,decanoate,0
Actinomycetospora chiangmaiensis,decanoate,0
Saccharothrix espanaensis,decanoate,0
Wenzhouxiangella sediminis,decanoate,0
Virgibacillus salinus,decanoate,1.329825643
Clavibacter michiganensis,decanoate,0
Streptomyces ambofaciens,decanoate,0
Micromonospora avicenniae,decanoate,0
Kineosphaera limosa,decanoate,0
Sanguibacter keddieii,decanoate,0
Bacillus sp.,decanoate,0
Frankiales bacterium,decanoate,0
Streptococcus pneumoniae,decanoate,1.241604613
Desulfobulbus elongatus,decanoate,0
Citricoccus muralis,decanoate,0
Streptomyces avermitilis,decanoate,0
Desulfobacter curvatus,decanoate,0
Agrococcus casei,decanoate,0
Cephaloticoccus capnophilus,decanoate,0
Chlamydiales bacterium,decanoate,0
Microlunatus phosphovorus,decanoate,0
Clostridium combesii,decanoate,0
Brevibacterium mcbrellneri,decanoate,0
Shewanella putrefaciens,decanoate,0
Anaerocolumna xylanovorans,decanoate,0
Pelobacter propionicus,decanoate,0
Bacteroides luti,decanoate,0
Nonomuraea candida,decanoate,0
Legionella brunensis,decanoate,0
Allokutzneria albata,decanoate,0
Kytococcus sedentarius,dimethyl,1.507704048
Granulosicoccus antarcticus,dimethyl,1.636725801
Mobilicoccus massiliensis,dimethyl,1.69602918
Kocuria varians,dimethyl,1.642703263
Actinoplanes atraurantiacus,dimethyl,1.421705592
Thermomonas haemolytica,dimethyl,0
Chromatocurvus halotolerans,dimethyl,0
Xanthomonas translucens,dimethyl,0
Dermabacter hominis,dimethyl,0
Luteimonas tolerans,dimethyl,0
Halobacteriovorax marinus,dimethyl,1.790780682
Xanthomonas campestris,dimethyl,0
Arthrobacter globiformis,dimethyl,0
Brachybacterium paraconglomeratum,dimethyl,2.005988733
Mycolicibacterium obuense,dimethyl,0
Okibacterium fritillariae,dimethyl,0
Arenimonas oryziterrae,dimethyl,0
Subtercola sp.,dimethyl,0
Plantibacter sp.,dimethyl,0
Kocuria flava,dimethyl,0
Cellulomonas cellasea,dimethyl,0
Pseudoxanthomonas sp.,dimethyl,0
Micromonospora peucetia,dimethyl,0
Intrasporangiaceae bacterium,dimethyl,0
Brachybacterium alimentarium,dimethyl,0
Humibacillus sp.,dimethyl,0
Agreia bicolorata,dimethyl,0
Nesterenkonia alba,dimethyl,0
Silanimonas lenta,dimethyl,0
Sandaracinus amylolyticus,dimethyl,0
Leifsonia sp.,dimethyl,0
Bacteriovorax sp.,dimethyl,0
Auraticoccus monumenti,dimethyl,0
Paenibacillus polysaccharolyticus,dimethyl,0
Sediminihabitans luteus,dimethyl,0
Psychromonas aquimarina,dimethyl,0
Isoptericola variabilis,dimethyl,0
Dermatophilus congolensis,dimethyl,0
Chloroflexi bacterium,dimethyl,1.957979562
Geodermatophilus obscurus,dimethyl,0
Nakamurella multipartita,dimethyl,0
Enhygromyxa salina,dimethyl,0
Brevibacterium antiquum,dimethyl,1.843389989
Rothia mucilaginosa,dimethyl,0
Actinomycetospora chiangmaiensis,dimethyl,0
Saccharothrix espanaensis,dimethyl,0
Wenzhouxiangella sediminis,dimethyl,0
Virgibacillus salinus,dimethyl,0
Clavibacter michiganensis,dimethyl,0
Streptomyces ambofaciens,dimethyl,0
Micromonospora avicenniae,dimethyl,0
Kineosphaera limosa,dimethyl,0
Sanguibacter keddieii,dimethyl,0
Bacillus sp.,dimethyl,0
Frankiales bacterium,dimethyl,0
Streptococcus pneumoniae,dimethyl,0
Desulfobulbus elongatus,dimethyl,0
Citricoccus muralis,dimethyl,0
Streptomyces avermitilis,dimethyl,0
Desulfobacter curvatus,dimethyl,0
Agrococcus casei,dimethyl,0
Cephaloticoccus capnophilus,dimethyl,0
Chlamydiales bacterium,dimethyl,0
Microlunatus phosphovorus,dimethyl,0
Clostridium combesii,dimethyl,0
Brevibacterium mcbrellneri,dimethyl,0
Shewanella putrefaciens,dimethyl,0
Anaerocolumna xylanovorans,dimethyl,0
Pelobacter propionicus,dimethyl,0
Bacteroides luti,dimethyl,0
Nonomuraea candida,dimethyl,0
Legionella brunensis,dimethyl,0
Allokutzneria albata,dimethyl,0
Kytococcus sedentarius,dodecanoate,1.837055197
Granulosicoccus antarcticus,dodecanoate,1.829617954
Mobilicoccus massiliensis,dodecanoate,1.786743112
Kocuria varians,dodecanoate,1.876816594
Actinoplanes atraurantiacus,dodecanoate,0
Thermomonas haemolytica,dodecanoate,1.799630702
Chromatocurvus halotolerans,dodecanoate,1.661380655
Xanthomonas translucens,dodecanoate,1.569289949
Dermabacter hominis,dodecanoate,0
Luteimonas tolerans,dodecanoate,1.862739109
Halobacteriovorax marinus,dodecanoate,1.42581674
Xanthomonas campestris,dodecanoate,1.648903435
Arthrobacter globiformis,dodecanoate,1.618729631
Brachybacterium paraconglomeratum,dodecanoate,1.639611903
Mycolicibacterium obuense,dodecanoate,1.971457491
Okibacterium fritillariae,dodecanoate,1.593285832
Arenimonas oryziterrae,dodecanoate,1.736104418
Subtercola sp.,dodecanoate,1.481159776
Plantibacter sp.,dodecanoate,1.484840588
Kocuria flava,dodecanoate,1.281014487
Cellulomonas cellasea,dodecanoate,1.512293336
Pseudoxanthomonas sp.,dodecanoate,1.663867543
Micromonospora peucetia,dodecanoate,1.682616215
Intrasporangiaceae bacterium,dodecanoate,0
Brachybacterium alimentarium,dodecanoate,1.825442876
Humibacillus sp.,dodecanoate,1.738395442
Agreia bicolorata,dodecanoate,1.292149858
Nesterenkonia alba,dodecanoate,1.471980119
Silanimonas lenta,dodecanoate,0
Sandaracinus amylolyticus,dodecanoate,0
Leifsonia sp.,dodecanoate,1.222321653
Bacteriovorax sp.,dodecanoate,0
Auraticoccus monumenti,dodecanoate,0
Paenibacillus polysaccharolyticus,dodecanoate,0
Sediminihabitans luteus,dodecanoate,0
Psychromonas aquimarina,dodecanoate,0
Isoptericola variabilis,dodecanoate,0
Dermatophilus congolensis,dodecanoate,0
Chloroflexi bacterium,dodecanoate,0
Geodermatophilus obscurus,dodecanoate,0
Nakamurella multipartita,dodecanoate,0
Enhygromyxa salina,dodecanoate,0
Brevibacterium antiquum,dodecanoate,0
Rothia mucilaginosa,dodecanoate,0
Actinomycetospora chiangmaiensis,dodecanoate,0
Saccharothrix espanaensis,dodecanoate,0
Wenzhouxiangella sediminis,dodecanoate,0
Virgibacillus salinus,dodecanoate,0
Clavibacter michiganensis,dodecanoate,0
Streptomyces ambofaciens,dodecanoate,0
Micromonospora avicenniae,dodecanoate,0
Kineosphaera limosa,dodecanoate,0
Sanguibacter keddieii,dodecanoate,0
Bacillus sp.,dodecanoate,0
Frankiales bacterium,dodecanoate,0
Streptococcus pneumoniae,dodecanoate,1.647266662
Desulfobulbus elongatus,dodecanoate,0
Citricoccus muralis,dodecanoate,0
Streptomyces avermitilis,dodecanoate,0
Desulfobacter curvatus,dodecanoate,0
Agrococcus casei,dodecanoate,0
Cephaloticoccus capnophilus,dodecanoate,1.420733762
Chlamydiales bacterium,dodecanoate,0
Microlunatus phosphovorus,dodecanoate,0
Clostridium combesii,dodecanoate,0
Brevibacterium mcbrellneri,dodecanoate,0
Shewanella putrefaciens,dodecanoate,0
Anaerocolumna xylanovorans,dodecanoate,0
Pelobacter propionicus,dodecanoate,0
Bacteroides luti,dodecanoate,0
Nonomuraea candida,dodecanoate,0
Legionella brunensis,dodecanoate,0
Allokutzneria albata,dodecanoate,0
Kytococcus sedentarius,heptanoate,2.957403527
Granulosicoccus antarcticus,heptanoate,2.706825426
Mobilicoccus massiliensis,heptanoate,2.471559776
Kocuria varians,heptanoate,2.074328117
Actinoplanes atraurantiacus,heptanoate,2.09099005
Thermomonas haemolytica,heptanoate,2.371137859
Chromatocurvus halotolerans,heptanoate,2.217779341
Xanthomonas translucens,heptanoate,2.671835075
Dermabacter hominis,heptanoate,2.367513188
Luteimonas tolerans,heptanoate,2.271542895
Halobacteriovorax marinus,heptanoate,1.74014431
Xanthomonas campestris,heptanoate,2.44852573
Arthrobacter globiformis,heptanoate,2.249243969
Brachybacterium paraconglomeratum,heptanoate,1.429984534
Mycolicibacterium obuense,heptanoate,1.065712591
Okibacterium fritillariae,heptanoate,1.65748015
Arenimonas oryziterrae,heptanoate,1.973002127
Subtercola sp.,heptanoate,1.384010904
Plantibacter sp.,heptanoate,1.543169065
Kocuria flava,heptanoate,1.883850929
Cellulomonas cellasea,heptanoate,1.570500555
Pseudoxanthomonas sp.,heptanoate,2.318348555
Micromonospora peucetia,heptanoate,1.975339032
Intrasporangiaceae bacterium,heptanoate,2.020012008
Brachybacterium alimentarium,heptanoate,1.610769459
Humibacillus sp.,heptanoate,1.588945535
Agreia bicolorata,heptanoate,0
Nesterenkonia alba,heptanoate,0
Silanimonas lenta,heptanoate,1.881677595
Sandaracinus amylolyticus,heptanoate,0
Leifsonia sp.,heptanoate,0
Bacteriovorax sp.,heptanoate,1.1280124
Auraticoccus monumenti,heptanoate,0
Paenibacillus polysaccharolyticus,heptanoate,0
Sediminihabitans luteus,heptanoate,0
Psychromonas aquimarina,heptanoate,0
Isoptericola variabilis,heptanoate,0
Dermatophilus congolensis,heptanoate,0
Chloroflexi bacterium,heptanoate,0
Geodermatophilus obscurus,heptanoate,1.564612209
Nakamurella multipartita,heptanoate,0
Enhygromyxa salina,heptanoate,0
Brevibacterium antiquum,heptanoate,0
Rothia mucilaginosa,heptanoate,0.93667289
Actinomycetospora chiangmaiensis,heptanoate,0
Saccharothrix espanaensis,heptanoate,0
Wenzhouxiangella sediminis,heptanoate,0
Virgibacillus salinus,heptanoate,0
Clavibacter michiganensis,heptanoate,0
Streptomyces ambofaciens,heptanoate,0
Micromonospora avicenniae,heptanoate,0
Kineosphaera limosa,heptanoate,0
Sanguibacter keddieii,heptanoate,0
Bacillus sp.,heptanoate,0
Frankiales bacterium,heptanoate,0
Streptococcus pneumoniae,heptanoate,0
Desulfobulbus elongatus,heptanoate,0
Citricoccus muralis,heptanoate,0
Streptomyces avermitilis,heptanoate,0
Desulfobacter curvatus,heptanoate,0
Agrococcus casei,heptanoate,0
Cephaloticoccus capnophilus,heptanoate,0
Chlamydiales bacterium,heptanoate,0
Microlunatus phosphovorus,heptanoate,0
Clostridium combesii,heptanoate,0
Brevibacterium mcbrellneri,heptanoate,0
Shewanella putrefaciens,heptanoate,0
Anaerocolumna xylanovorans,heptanoate,0
Pelobacter propionicus,heptanoate,0
Bacteroides luti,heptanoate,0
Nonomuraea candida,heptanoate,0
Legionella brunensis,heptanoate,0
Allokutzneria albata,heptanoate,0
Kytococcus sedentarius,heptynoate,2.556073615
Granulosicoccus antarcticus,heptynoate,2.589639656
Mobilicoccus massiliensis,heptynoate,2.473019903
Kocuria varians,heptynoate,1.889786812
Actinoplanes atraurantiacus,heptynoate,1.998065423
Thermomonas haemolytica,heptynoate,2.004711099
Chromatocurvus halotolerans,heptynoate,1.993647637
Xanthomonas translucens,heptynoate,1.786685168
Dermabacter hominis,heptynoate,1.920912744
Luteimonas tolerans,heptynoate,1.888977317
Halobacteriovorax marinus,heptynoate,1.384656748
Xanthomonas campestris,heptynoate,1.879092379
Arthrobacter globiformis,heptynoate,1.856630086
Brachybacterium paraconglomeratum,heptynoate,1.664510165
Mycolicibacterium obuense,heptynoate,1.595090699
Okibacterium fritillariae,heptynoate,1.721949628
Arenimonas oryziterrae,heptynoate,1.766852607
Subtercola sp.,heptynoate,1.64919739
Plantibacter sp.,heptynoate,1.673490277
Kocuria flava,heptynoate,1.71564339
Cellulomonas cellasea,heptynoate,1.428063821
Pseudoxanthomonas sp.,heptynoate,1.80341118
Micromonospora peucetia,heptynoate,2.047026952
Intrasporangiaceae bacterium,heptynoate,1.631240636
Brachybacterium alimentarium,heptynoate,1.563111057
Humibacillus sp.,heptynoate,1.832707129
Agreia bicolorata,heptynoate,1.54820419
Nesterenkonia alba,heptynoate,1.4382642
Silanimonas lenta,heptynoate,1.582749268
Sandaracinus amylolyticus,heptynoate,1.826929049
Leifsonia sp.,heptynoate,1.810832925
Bacteriovorax sp.,heptynoate,1.492136656
Auraticoccus monumenti,heptynoate,1.37663862
Paenibacillus polysaccharolyticus,heptynoate,1.348491538
Sediminihabitans luteus,heptynoate,1.532256708
Psychromonas aquimarina,heptynoate,1.42553651
Isoptericola variabilis,heptynoate,1.307420055
Dermatophilus congolensis,heptynoate,1.860131311
Chloroflexi bacterium,heptynoate,1.248557753
Geodermatophilus obscurus,heptynoate,1.705282666
Nakamurella multipartita,heptynoate,1.836207445
Enhygromyxa salina,heptynoate,1.615458712
Brevibacterium antiquum,heptynoate,1.267923736
Rothia mucilaginosa,heptynoate,1.304063105
Actinomycetospora chiangmaiensis,heptynoate,1.44895736
Saccharothrix espanaensis,heptynoate,1.292370007
Wenzhouxiangella sediminis,heptynoate,1.282832848
Virgibacillus salinus,heptynoate,1.213565946
Clavibacter michiganensis,heptynoate,1.587852585
Streptomyces ambofaciens,heptynoate,1.188321704
Micromonospora avicenniae,heptynoate,1.274725094
Kineosphaera limosa,heptynoate,1.44595668
Sanguibacter keddieii,heptynoate,1.811465327
Bacillus sp.,heptynoate,1.650948553
Frankiales bacterium,heptynoate,0.996692927
Streptococcus pneumoniae,heptynoate,1.154590351
Desulfobulbus elongatus,heptynoate,1.314548454
Citricoccus muralis,heptynoate,1.744904069
Streptomyces avermitilis,heptynoate,1.798404671
Desulfobacter curvatus,heptynoate,1.408104652
Agrococcus casei,heptynoate,0
Cephaloticoccus capnophilus,heptynoate,0
Chlamydiales bacterium,heptynoate,1.720121336
Microlunatus phosphovorus,heptynoate,1.594359016
Clostridium combesii,heptynoate,1.477277842
Brevibacterium mcbrellneri,heptynoate,1.044405264
Shewanella putrefaciens,heptynoate,1.297301798
Anaerocolumna xylanovorans,heptynoate,1.4916676
Pelobacter propionicus,heptynoate,1.195013777
Bacteroides luti,heptynoate,1.431170111
Nonomuraea candida,heptynoate,0
Legionella brunensis,heptynoate,1.491032435
Allokutzneria albata,heptynoate,0
Kytococcus sedentarius,hexanoate,2.876188023
Granulosicoccus antarcticus,hexanoate,2.540086017
Mobilicoccus massiliensis,hexanoate,2.579352746
Kocuria varians,hexanoate,1.702918601
Actinoplanes atraurantiacus,hexanoate,1.926718708
Thermomonas haemolytica,hexanoate,2.182416952
Chromatocurvus halotolerans,hexanoate,2.170992661
Xanthomonas translucens,hexanoate,2.172278078
Dermabacter hominis,hexanoate,1.709892928
Luteimonas tolerans,hexanoate,2.253609632
Halobacteriovorax marinus,hexanoate,1.698694896
Xanthomonas campestris,hexanoate,2.436777287
Arthrobacter globiformis,hexanoate,1.870370307
Brachybacterium paraconglomeratum,hexanoate,1.247387026
Mycolicibacterium obuense,hexanoate,1.72521293
Okibacterium fritillariae,hexanoate,1.58885845
Arenimonas oryziterrae,hexanoate,2.140577394
Subtercola sp.,hexanoate,1.4739173
Plantibacter sp.,hexanoate,1.613379406
Kocuria flava,hexanoate,2.088565626
Cellulomonas cellasea,hexanoate,1.282699416
Pseudoxanthomonas sp.,hexanoate,2.079050022
Micromonospora peucetia,hexanoate,1.731453495
Intrasporangiaceae bacterium,hexanoate,1.949892433
Brachybacterium alimentarium,hexanoate,1.630734982
Humibacillus sp.,hexanoate,1.63342088
Agreia bicolorata,hexanoate,1.510217891
Nesterenkonia alba,hexanoate,1.150324494
Silanimonas lenta,hexanoate,1.780831704
Sandaracinus amylolyticus,hexanoate,1.313268667
Leifsonia sp.,hexanoate,1.636006454
Bacteriovorax sp.,hexanoate,1.487421798
Auraticoccus monumenti,hexanoate,1.747392207
Paenibacillus polysaccharolyticus,hexanoate,1.46009614
Sediminihabitans luteus,hexanoate,1.665149078
Psychromonas aquimarina,hexanoate,1.077809022
Isoptericola variabilis,hexanoate,0.946708873
Dermatophilus congolensis,hexanoate,1.632732598
Chloroflexi bacterium,hexanoate,1.398579054
Geodermatophilus obscurus,hexanoate,1.488308181
Nakamurella multipartita,hexanoate,0
Enhygromyxa salina,hexanoate,0
Brevibacterium antiquum,hexanoate,1.488540345
Rothia mucilaginosa,hexanoate,1.113153994
Actinomycetospora chiangmaiensis,hexanoate,1.23775849
Saccharothrix espanaensis,hexanoate,1.296013398
Wenzhouxiangella sediminis,hexanoate,0
Virgibacillus salinus,hexanoate,0.99072595
Clavibacter michiganensis,hexanoate,0
Streptomyces ambofaciens,hexanoate,0
Micromonospora avicenniae,hexanoate,1.438206633
Kineosphaera limosa,hexanoate,0
Sanguibacter keddieii,hexanoate,1.510988433
Bacillus sp.,hexanoate,0
Frankiales bacterium,hexanoate,0
Streptococcus pneumoniae,hexanoate,0
Desulfobulbus elongatus,hexanoate,0
Citricoccus muralis,hexanoate,0
Streptomyces avermitilis,hexanoate,0
Desulfobacter curvatus,hexanoate,0.963631121
Agrococcus casei,hexanoate,0
Cephaloticoccus capnophilus,hexanoate,0.885299333
Chlamydiales bacterium,hexanoate,0.996162252
Microlunatus phosphovorus,hexanoate,0
Clostridium combesii,hexanoate,0
Brevibacterium mcbrellneri,hexanoate,0
Shewanella putrefaciens,hexanoate,0
Anaerocolumna xylanovorans,hexanoate,0
Pelobacter propionicus,hexanoate,0
Bacteroides luti,hexanoate,0
Nonomuraea candida,hexanoate,0
Legionella brunensis,hexanoate,0
Allokutzneria albata,hexanoate,0
Kytococcus sedentarius,oxadiazole,1.473384036
Granulosicoccus antarcticus,oxadiazole,1.948931543
Mobilicoccus massiliensis,oxadiazole,1.558106412
Kocuria varians,oxadiazole,1.591443185
Actinoplanes atraurantiacus,oxadiazole,1.558857978
Thermomonas haemolytica,oxadiazole,1.462660736
Chromatocurvus halotolerans,oxadiazole,1.828103986
Xanthomonas translucens,oxadiazole,1.341774586
Dermabacter hominis,oxadiazole,1.504271265
Luteimonas tolerans,oxadiazole,1.28957255
Halobacteriovorax marinus,oxadiazole,0
Xanthomonas campestris,oxadiazole,0
Arthrobacter globiformis,oxadiazole,1.693118167
Brachybacterium paraconglomeratum,oxadiazole,0
Mycolicibacterium obuense,oxadiazole,1.398158692
Okibacterium fritillariae,oxadiazole,1.559383037
Arenimonas oryziterrae,oxadiazole,1.449014298
Subtercola sp.,oxadiazole,0
Plantibacter sp.,oxadiazole,1.564350865
Kocuria flava,oxadiazole,1.442438971
Cellulomonas cellasea,oxadiazole,0
Pseudoxanthomonas sp.,oxadiazole,0
Micromonospora peucetia,oxadiazole,0
Intrasporangiaceae bacterium,oxadiazole,1.253776083
Brachybacterium alimentarium,oxadiazole,0
Humibacillus sp.,oxadiazole,0
Agreia bicolorata,oxadiazole,1.455116969
Nesterenkonia alba,oxadiazole,0
Silanimonas lenta,oxadiazole,1.208636701
Sandaracinus amylolyticus,oxadiazole,1.499119383
Leifsonia sp.,oxadiazole,1.182276715
Bacteriovorax sp.,oxadiazole,1.444700822
Auraticoccus monumenti,oxadiazole,1.323602725
Paenibacillus polysaccharolyticus,oxadiazole,1.330903937
Sediminihabitans luteus,oxadiazole,0
Psychromonas aquimarina,oxadiazole,0
Isoptericola variabilis,oxadiazole,0
Dermatophilus congolensis,oxadiazole,1.303256023
Chloroflexi bacterium,oxadiazole,0
Geodermatophilus obscurus,oxadiazole,0
Nakamurella multipartita,oxadiazole,1.317993138
Enhygromyxa salina,oxadiazole,1.323740934
Brevibacterium antiquum,oxadiazole,0
Rothia mucilaginosa,oxadiazole,0
Actinomycetospora chiangmaiensis,oxadiazole,0
Saccharothrix espanaensis,oxadiazole,0
Wenzhouxiangella sediminis,oxadiazole,1.207803904
Virgibacillus salinus,oxadiazole,0
Clavibacter michiganensis,oxadiazole,0
Streptomyces ambofaciens,oxadiazole,0
Micromonospora avicenniae,oxadiazole,0
Kineosphaera limosa,oxadiazole,0
Sanguibacter keddieii,oxadiazole,0
Bacillus sp.,oxadiazole,0
Frankiales bacterium,oxadiazole,0
Streptococcus pneumoniae,oxadiazole,0
Desulfobulbus elongatus,oxadiazole,0
Citricoccus muralis,oxadiazole,0
Streptomyces avermitilis,oxadiazole,0
Desulfobacter curvatus,oxadiazole,0
Agrococcus casei,oxadiazole,1.12998508
Cephaloticoccus capnophilus,oxadiazole,1.169326208
Chlamydiales bacterium,oxadiazole,0
Microlunatus phosphovorus,oxadiazole,0
Clostridium combesii,oxadiazole,0
Brevibacterium mcbrellneri,oxadiazole,0
Shewanella putrefaciens,oxadiazole,1.227389067
Anaerocolumna xylanovorans,oxadiazole,0
Pelobacter propionicus,oxadiazole,1.236703293
Bacteroides luti,oxadiazole,0
Nonomuraea candida,oxadiazole,0
Legionella brunensis,oxadiazole,1.665859501
Allokutzneria albata,oxadiazole,0
Kytococcus sedentarius,TMA,1.820128608
Granulosicoccus antarcticus,TMA,1.744685611
Mobilicoccus massiliensis,TMA,1.667786828
Kocuria varians,TMA,1.639093852
Actinoplanes atraurantiacus,TMA,2.068125423
Thermomonas haemolytica,TMA,1.08959501
Chromatocurvus halotolerans,TMA,1.352424594
Xanthomonas translucens,TMA,1.187721445
Dermabacter hominis,TMA,1.064478984
Luteimonas tolerans,TMA,0.929989491
Halobacteriovorax marinus,TMA,1.012452397
Xanthomonas campestris,TMA,1.31092443
Arthrobacter globiformis,TMA,0
Brachybacterium paraconglomeratum,TMA,0.998074616
Mycolicibacterium obuense,TMA,1.101952242
Okibacterium fritillariae,TMA,1.015983509
Arenimonas oryziterrae,TMA,1.175567428
Subtercola sp.,TMA,0.87792516
Plantibacter sp.,TMA,1.133266983
Kocuria flava,TMA,1.097590059
Cellulomonas cellasea,TMA,1.132865443
Pseudoxanthomonas sp.,TMA,0.80798324
Micromonospora peucetia,TMA,1.06672927
Intrasporangiaceae bacterium,TMA,1.087487308
Brachybacterium alimentarium,TMA,0
Humibacillus sp.,TMA,0
Agreia bicolorata,TMA,1.11447565
Nesterenkonia alba,TMA,1.179960258
Silanimonas lenta,TMA,1.068977566
Sandaracinus amylolyticus,TMA,1.047606945
Leifsonia sp.,TMA,1.064814077
Bacteriovorax sp.,TMA,1.031744159
Auraticoccus monumenti,TMA,0
Paenibacillus polysaccharolyticus,TMA,0.952558553
Sediminihabitans luteus,TMA,0
Psychromonas aquimarina,TMA,0.991281467
Isoptericola variabilis,TMA,0.994880251
Dermatophilus congolensis,TMA,1.010144938
Chloroflexi bacterium,TMA,0.987145527
Geodermatophilus obscurus,TMA,1.034715776
Nakamurella multipartita,TMA,1.011001593
Enhygromyxa salina,TMA,1.030259017
Brevibacterium antiquum,TMA,0
Rothia mucilaginosa,TMA,1.281179781
Actinomycetospora chiangmaiensis,TMA,0
Saccharothrix espanaensis,TMA,1.300478765
Wenzhouxiangella sediminis,TMA,0
Virgibacillus salinus,TMA,0
Clavibacter michiganensis,TMA,1.121926241
Streptomyces ambofaciens,TMA,1.097646263
Micromonospora avicenniae,TMA,0
Kineosphaera limosa,TMA,0.937545592
Sanguibacter keddieii,TMA,0.976029527
Bacillus sp.,TMA,0
Frankiales bacterium,TMA,1.081773586
Streptococcus pneumoniae,TMA,0
Desulfobulbus elongatus,TMA,1.034634324
Citricoccus muralis,TMA,1.068365994
Streptomyces avermitilis,TMA,0.944104351
Desulfobacter curvatus,TMA,0.985014135
Agrococcus casei,TMA,0.991496802
Cephaloticoccus capnophilus,TMA,0
Chlamydiales bacterium,TMA,0
Microlunatus phosphovorus,TMA,0.974694948
Clostridium combesii,TMA,0.999929969
Brevibacterium mcbrellneri,TMA,0.952453885
Shewanella putrefaciens,TMA,0
Anaerocolumna xylanovorans,TMA,0.929508947
Pelobacter propionicus,TMA,0
Bacteroides luti,TMA,0.966360737
Nonomuraea candida,TMA,0
Legionella brunensis,TMA,0
Allokutzneria albata,TMA,0
Kytococcus sedentarius,benzoate,0
Granulosicoccus antarcticus,benzoate,0
Mobilicoccus massiliensis,benzoate,0
Kocuria varians,benzoate,0
Actinoplanes atraurantiacus,benzoate,0
Thermomonas haemolytica,benzoate,0
Chromatocurvus halotolerans,benzoate,0
Xanthomonas translucens,benzoate,0
Dermabacter hominis,benzoate,0
Luteimonas tolerans,benzoate,0
Halobacteriovorax marinus,benzoate,0
Xanthomonas campestris,benzoate,0
Arthrobacter globiformis,benzoate,0
Brachybacterium paraconglomeratum,benzoate,0
Mycolicibacterium obuense,benzoate,0
Okibacterium fritillariae,benzoate,0
Arenimonas oryziterrae,benzoate,0
Subtercola sp.,benzoate,0
Plantibacter sp.,benzoate,0
Kocuria flava,benzoate,0
Cellulomonas cellasea,benzoate,0
Pseudoxanthomonas sp.,benzoate,0
Micromonospora peucetia,benzoate,0
Intrasporangiaceae bacterium,benzoate,0
Brachybacterium alimentarium,benzoate,0
Humibacillus sp.,benzoate,0
Agreia bicolorata,benzoate,0
Nesterenkonia alba,benzoate,0
Silanimonas lenta,benzoate,0
Sandaracinus amylolyticus,benzoate,0
Leifsonia sp.,benzoate,0
Bacteriovorax sp.,benzoate,0
Auraticoccus monumenti,benzoate,0
Paenibacillus polysaccharolyticus,benzoate,0
Sediminihabitans luteus,benzoate,0
Psychromonas aquimarina,benzoate,0
Isoptericola variabilis,benzoate,0
Dermatophilus congolensis,benzoate,0
Chloroflexi bacterium,benzoate,0
Geodermatophilus obscurus,benzoate,0
Nakamurella multipartita,benzoate,0
Enhygromyxa salina,benzoate,0
Brevibacterium antiquum,benzoate,0
Rothia mucilaginosa,benzoate,0
Actinomycetospora chiangmaiensis,benzoate,0
Saccharothrix espanaensis,benzoate,0
Wenzhouxiangella sediminis,benzoate,0
Virgibacillus salinus,benzoate,0
Clavibacter michiganensis,benzoate,0
Streptomyces ambofaciens,benzoate,0
Micromonospora avicenniae,benzoate,0
Kineosphaera limosa,benzoate,0
Sanguibacter keddieii,benzoate,0
Bacillus sp.,benzoate,0
Frankiales bacterium,benzoate,0
Streptococcus pneumoniae,benzoate,0
Desulfobulbus elongatus,benzoate,0
Citricoccus muralis,benzoate,0
Streptomyces avermitilis,benzoate,0
Desulfobacter curvatus,benzoate,0
Agrococcus casei,benzoate,0
Cephaloticoccus capnophilus,benzoate,0
Chlamydiales bacterium,benzoate,0
Microlunatus phosphovorus,benzoate,0
Clostridium combesii,benzoate,0
Brevibacterium mcbrellneri,benzoate,0
Shewanella putrefaciens,benzoate,0
Anaerocolumna xylanovorans,benzoate,0
Pelobacter propionicus,benzoate,0
Bacteroides luti,benzoate,0
Nonomuraea candida,benzoate,0
Legionella brunensis,benzoate,0
Allokutzneria albata,benzoate,0